{"stats":{"minecraft:mined":{"minecraft:crafting_table":1,"minecraft:grass_block":10,"minecraft:oak_log":31,"minecraft:melon":1,"minecraft:vine":1,"minecraft:jungle_log":2,"minecraft:dirt":6,"minecraft:stone":33,"minecraft:oak_leaves":8,"minecraft:fern":1},"minecraft:used":{"minecraft:melon_slice":1,"minecraft:stone_shovel":11,"minecraft:stone_pickaxe":31,"minecraft:wooden_pickaxe":7,"minecraft:stone_axe":42,"minecraft:dirt":5,"minecraft:crafting_table":1},"minecraft:custom":{"minecraft:time_since_rest":7533,"minecraft:sprint_one_cm":22266,"minecraft:walk_one_cm":11538,"minecraft:mob_kills":6,"minecraft:damage_dealt":520,"minecraft:interact_with_crafting_table":4,"minecraft:fly_one_cm":18839,"minecraft:crouch_one_cm":3548,"minecraft:play_time":7533,"minecraft:sneak_time":1082,"minecraft:jump":164,"minecraft:leave_game":1,"minecraft:time_since_death":7533,"minecraft:total_world_time":7533,"minecraft:climb_one_cm":923,"minecraft:fall_one_cm":3102},"minecraft:crafted":{"minecraft:oak_planks":24,"minecraft:stone_shovel":1,"minecraft:crafting_table":1,"minecraft:stick":12,"minecraft:wooden_pickaxe":1,"minecraft:stone_pickaxe":1,"minecraft:stone_sword":1,"minecraft:furnace":1,"minecraft:stone_axe":1,"minecraft:jungle_planks":8},"minecraft:picked_up":{"minecraft:stick":4,"minecraft:crafting_table":1,"minecraft:feather":1,"minecraft:chicken":1,"minecraft:jungle_log":2,"minecraft:porkchop":7,"minecraft:oak_log":31,"minecraft:dirt":16,"minecraft:melon_slice":4,"minecraft:mutton":2,"minecraft:white_wool":1,"minecraft:cobblestone":33},"minecraft:killed":{"minecraft:sheep":1,"minecraft:pig":4,"minecraft:chicken":1}},"DataVersion":3953}