{"stats":{"minecraft:mined":{"minecraft:deepslate_diamond_ore":1,"minecraft:crafting_table":3,"minecraft:granite":2,"minecraft:grass_block":10,"minecraft:melon":1,"minecraft:jungle_log":2,"minecraft:furnace":4,"minecraft:fire":1,"minecraft:iron_ore":11,"minecraft:andesite":3,"minecraft:oak_log":31,"minecraft:coal_ore":33,"minecraft:vine":1,"minecraft:gravel":11,"minecraft:dirt":6,"minecraft:stone":47,"minecraft:deepslate":3,"minecraft:oak_leaves":8,"minecraft:tripwire":1,"minecraft:fern":1},"minecraft:used":{"minecraft:stone_sword":12,"minecraft:flint_and_steel":1,"minecraft:stone_pickaxe":84,"minecraft:stone_shovel":22,"minecraft:oak_planks":10,"minecraft:wooden_pickaxe":7,"minecraft:shield":4,"minecraft:cooked_chicken":1,"minecraft:torch":17,"minecraft:dirt":5,"minecraft:crafting_table":3,"minecraft:melon_slice":4,"minecraft:string":1,"minecraft:iron_pickaxe":18,"minecraft:gravel":7,"minecraft:stone_axe":44,"minecraft:furnace":4,"minecraft:cooked_porkchop":1},"minecraft:custom":{"minecraft:interact_with_furnace":23,"minecraft:mob_kills":10,"minecraft:interact_with_crafting_table":9,"minecraft:leave_game":1,"minecraft:time_since_death":19533,"minecraft:climb_one_cm":923,"minecraft:time_since_rest":19533,"minecraft:sprint_one_cm":55928,"minecraft:damage_taken":105,"minecraft:walk_one_cm":38806,"minecraft:damage_blocked_by_shield":85,"minecraft:drop":9,"minecraft:damage_dealt":1003,"minecraft:swim_one_cm":630,"minecraft:fly_one_cm":57397,"minecraft:crouch_one_cm":11045,"minecraft:play_time":19533,"minecraft:sneak_time":3360,"minecraft:walk_under_water_one_cm":1097,"minecraft:jump":381,"minecraft:walk_on_water_one_cm":5405,"minecraft:total_world_time":19533,"minecraft:fall_one_cm":11012},"minecraft:crafted":{"minecraft:oak_planks":24,"minecraft:stone_shovel":1,"minecraft:cooked_porkchop":7,"minecraft:crafting_table":1,"minecraft:wooden_pickaxe":1,"minecraft:cooked_chicken":1,"minecraft:iron_sword":1,"minecraft:furnace":2,"minecraft:stone_axe":1,"minecraft:cooked_mutton":2,"minecraft:air":0,"minecraft:jungle_planks":8,"minecraft:flint_and_steel":1,"minecraft:shield":1,"minecraft:stick":12,"minecraft:iron_ingot":8,"minecraft:iron_pickaxe":1,"minecraft:stone_pickaxe":1,"minecraft:stone_sword":1},"minecraft:dropped":{"minecraft:gravel":1,"minecraft:stone_sword":2,"minecraft:crafting_table":1,"minecraft:flint":1,"minecraft:stone_pickaxe":3,"minecraft:wooden_pickaxe":1},"minecraft:picked_up":{"minecraft:crafting_table":4,"minecraft:feather":1,"minecraft:chicken":1,"minecraft:andesite":3,"minecraft:jungle_log":2,"minecraft:flint":2,"minecraft:oak_log":31,"minecraft:dirt":16,"minecraft:string":2,"minecraft:cobbled_deepslate":3,"minecraft:iron_ingot":1,"minecraft:stone_pickaxe":2,"minecraft:melon_slice":4,"minecraft:furnace":4,"minecraft:stick":4,"minecraft:raw_iron":11,"minecraft:gravel":8,"minecraft:porkchop":7,"minecraft:stone_sword":1,"minecraft:arrow":2,"minecraft:granite":2,"minecraft:mutton":2,"minecraft:coal":39,"minecraft:white_wool":1,"minecraft:cobblestone":47},"minecraft:killed":{"minecraft:pig":4,"minecraft:spider":1,"minecraft:sheep":1,"minecraft:skeleton":2,"minecraft:chicken":1}},"DataVersion":3953}